file,title,static_text_chars,ko_i18n_content_chars,total_content_chars,faq_details_total,faq_static_dom,has_webapp_ld,has_faqpage_ld,canonical,internal_links_static,is_category_hub,js_broken,unique_char_count
about.html,About Modoo Hub — 394 Free Online Tools,3084,0,3084,0,0,False,False,https://modoohub.com/about.html,8,False,False,
accessibility-color-checker.html,접근성 색상 검사기 - Accessibility Color Checker | MODOO HUB,120,884,1004,32,0,True,True,https://modoohub.com/accessibility-color-checker.html,1,False,False,929
acquisition-tax.html,취득세 계산기 2026 - 주택·토지·건물 취득세 자동 계산,2236,0,2236,0,8,True,True,https://modoohub.com/acquisition-tax.html,1,False,False,2184
age-calculator.html,"Age Calculator - Exact Age in Years, Months, Days | Free Online",421,1182,1603,32,0,True,True,https://modoohub.com/age-calculator.html,4,False,False,1518
ai-blog-title-generator.html,AI 블로그 제목 생성기 - Blog Title Generator | MODOO HUB,159,658,817,32,0,True,True,https://modoohub.com/ai-blog-title-generator.html,1,False,False,702
ai-cost-calculator.html,AI API Cost Calculator - 모델별 비용 비교,263,1583,1846,32,0,True,True,https://modoohub.com/ai-cost-calculator.html,1,False,False,1936
ai-cover-letter-generator.html,AI 자기소개서 생성기 - Cover Letter Generator | MODOO HUB,218,689,907,32,0,True,True,https://modoohub.com/ai-cover-letter-generator.html,1,False,False,749
ai-email-generator.html,AI 이메일 생성기 - Email Generator | MODOO HUB,269,605,874,32,0,True,True,https://modoohub.com/ai-email-generator.html,1,False,False,809
ai-linkedin-post-generator.html,AI 링크드인 포스트 생성기 - LinkedIn Post Generator | MODOO HUB,227,1445,1672,32,0,True,True,https://modoohub.com/ai-linkedin-post-generator.html,1,False,False,765
ai-model-comparison.html,AI 모델 비교표 - GPT-4o vs Claude vs Gemini 스펙 비교 | MODOO HUB,193,913,1106,32,0,True,True,https://modoohub.com/ai-model-comparison.html,1,False,False,1113
ai-pricing-comparison.html,AI API 가격 비교 - OpenAI·Anthropic·Google 요금 비교표 | MODOO HUB,176,970,1146,32,0,True,True,https://modoohub.com/ai-pricing-comparison.html,1,False,False,876
ai-product-description-generator.html,AI 제품 설명 생성기 - Product Description Generator | MODOO HUB,270,692,962,32,0,True,True,https://modoohub.com/ai-product-description-generator.html,1,False,False,836
ai-resume-generator.html,AI 이력서 생성기 - Resume Generator | MODOO HUB,247,639,886,32,0,True,True,https://modoohub.com/ai-resume-generator.html,1,False,False,820
ai-thumbnail-title-generator.html,AI 썸네일 문구 생성기 - Thumbnail Title Generator | MODOO HUB,180,553,733,32,0,True,True,https://modoohub.com/ai-thumbnail-title-generator.html,1,False,False,655
ai-token-counter.html,"AI Token Counter - Count Tokens for GPT, Claude, Gemini",274,1289,1563,32,0,True,True,https://modoohub.com/ai-token-counter.html,1,False,False,1442
ai-tweet-generator.html,AI 트윗 생성기 - Tweet Generator | MODOO HUB,225,1810,2035,32,0,True,True,https://modoohub.com/ai-tweet-generator.html,1,False,False,777
ai-youtube-title-generator.html,AI 유튜브 제목 생성기 - YouTube Title Generator | MODOO HUB,168,671,839,32,0,True,True,https://modoohub.com/ai-youtube-title-generator.html,1,False,False,717
alphabetizer.html,Alphabetizer - Sort Text Lines A to Z Online | Free,308,1025,1333,32,0,True,True,https://modoohub.com/alphabetizer.html,4,False,False,1261
anagram-checker.html,애너그램 검사기 - 두 단어가 애너그램인지 확인 | MODOO HUB,144,661,805,32,0,True,True,https://modoohub.com/anagram-checker.html,1,False,False,744
annual-leave.html,연차 계산기 2026 - 법정 연차일수·연차수당 자동 계산,1645,0,1645,0,8,True,True,https://modoohub.com/annual-leave.html,1,False,False,1594
apache-config-generator.html,아파치 설정 생성기 - Apache VirtualHost Config Generator,500,1575,2075,32,0,True,True,https://modoohub.com/apache-config-generator.html,1,False,False,1943
api-response-viewer.html,API 응답 뷰어 - API Response Viewer | MODOO HUB,176,619,795,32,0,True,True,https://modoohub.com/api-response-viewer.html,1,False,False,729
api-tester.html,API 테스터 - 브라우저에서 HTTP 요청 테스트 | MODOO HUB,184,923,1107,32,0,True,True,https://modoohub.com/api-tester.html,1,False,False,910
apr-calculator.html,APR Calculator - Annual Percentage Rate Calculator,302,1133,1435,32,0,True,True,https://modoohub.com/apr-calculator.html,1,False,False,1362
ascii-converter.html,ASCII 변환기 - 텍스트·ASCII 코드 상호변환 | MODOO HUB,209,1683,1892,48,0,True,True,https://modoohub.com/ascii-converter.html,1,False,False,1786
ascii-table.html,ASCII 코드표 - 0~127 전체 ASCII 문자 코드 참조 | MODOO HUB,257,775,1032,32,0,True,True,https://modoohub.com/ascii-table.html,1,False,False,874
avif-to-jpg.html,AVIF to JPG 변환기 - AVIF to JPG Converter | MODOO HUB,294,868,1162,32,0,True,True,https://modoohub.com/avif-to-jpg.html,1,False,False,1003
barcode-generator.html,Barcode Generator - Free Online Barcode Maker,359,2096,2455,48,0,True,True,https://modoohub.com/barcode-generator.html,1,False,False,2355
base64-decoder.html,Base64 Decoder - Base64를 텍스트로 디코딩,259,1512,1771,32,0,True,True,https://modoohub.com/base64-decoder.html,1,False,False,1636
base64-encoder.html,Base64 Encoder - 텍스트·파일을 Base64로 인코딩,252,1621,1873,32,0,True,True,https://modoohub.com/base64-encoder.html,1,False,False,1776
base64-image.html,Base64 Image Converter - Free Online Image to Base64 Tool,346,1264,1610,32,0,True,True,https://modoohub.com/base64-image.html,1,False,False,1484
base64-to-text.html,Base64 to Text Converter - Base64 → 텍스트 변환기,252,1675,1927,32,0,True,True,https://modoohub.com/base64-to-text.html,1,False,False,1779
base64-url.html,Base64 & URL 인코더/디코더 - Online Encoder Decoder,551,1026,1577,0,0,True,True,https://modoohub.com/base64-url.html,1,False,False,444
bcrypt-generator.html,Bcrypt 생성기 - 비밀번호 bcrypt 해시 생성 | MODOO HUB,152,858,1010,32,0,True,True,https://modoohub.com/bcrypt-generator.html,1,False,False,902
bcrypt-validator.html,Bcrypt 검증기 - 비밀번호 bcrypt 해시 비교 | MODOO HUB,136,833,969,32,0,True,True,https://modoohub.com/bcrypt-validator.html,1,False,False,861
blur-image.html,이미지 블러 - 온라인 이미지 흐림 효과 | MODOO HUB,137,536,673,32,0,True,True,https://modoohub.com/blur-image.html,1,False,False,617
bmi-calc.html,BMI 계산기 - 체질량지수·표준체중·칼로리 계산,337,1274,1611,22,0,True,True,https://modoohub.com/bmi-calc.html,1,False,False,1551
bmi-calculator.html,BMI Calculator - Body Mass Index + BMR + TDEE | Free Online,716,2274,2990,84,0,True,True,https://modoohub.com/bmi-calc.html,4,False,False,2810
body-fat-calculator.html,"Body Fat Calculator - Navy Method, BMI Method | Free Online",627,1148,1775,32,0,True,True,https://modoohub.com/body-fat-calculator.html,4,False,False,1694
break-even-calculator.html,손익분기점 계산기 - Break Even Calculator | MODOO HUB,97,770,867,32,0,True,True,https://modoohub.com/break-even-calculator.html,1,False,False,799
business-days-calculator.html,Business Days Calculator - Count Working Days Between Dates,256,1084,1340,32,0,True,True,https://modoohub.com/business-days-calculator.html,1,False,False,1258
cagr-calculator.html,CAGR 계산기 - Compound Annual Growth Rate Calculator | MODOO HUB,144,885,1029,32,0,True,True,https://modoohub.com/cagr-calculator.html,1,False,False,945
calorie-calculator.html,Calorie Calculator - Daily Calorie Needs & TDEE | Free Online,1083,2711,3794,48,0,True,True,https://modoohub.com/calorie-calculator.html,4,False,False,998
canonical-tag-checker.html,Canonical 태그 검사기 - 정규 URL 분석 & 중복 확인 | MODOO HUB,239,1839,2078,32,0,True,True,https://modoohub.com/canonical-tag-checker.html,1,False,False,1684
capital-gains-tax.html,양도소득세 계산기 2026 - 부동산·주식 양도세 자동 계산,2697,0,2697,0,8,True,True,https://modoohub.com/capital-gains-tax.html,4,False,False,null
case-converter.html,Case Converter - Free Online Text Case Converter,256,1310,1566,32,0,True,True,https://modoohub.com/case-converter.html,1,False,False,1810
character-counter.html,"글자수 세기 - 공백 포함/제외, 바이트 수 계산 | 모두의 툴",288,1503,1791,33,0,True,True,https://modoohub.com/character-counter.html,2,False,False,1705
chatgpt-token-counter.html,ChatGPT Token Counter - GPT-4 토큰 카운터,386,1642,2028,32,0,True,True,https://modoohub.com/chatgpt-token-counter.html,1,False,False,1806
cheongyak-score.html,청약 가점 계산기 2026 - 무주택·부양가족·통장 가입기간 자동 계산,2884,0,2884,0,8,True,True,https://modoohub.com/cheongyak-score.html,1,False,False,2826
claude-cost-estimator.html,Claude 비용 추정기 - Anthropic Claude API 비용 계산기 | MODOO HUB,476,855,1331,32,0,True,True,https://modoohub.com/claude-cost-estimator.html,1,False,False,1151
color-blindness-simulator.html,색맹 시뮬레이터 - Color Blindness Simulator | MODOO HUB,127,692,819,32,0,True,True,https://modoohub.com/color-blindness-simulator.html,1,False,False,749
color-contrast-checker.html,색상 대비 검사기 - WCAG AA/AAA 접근성 색상 대비율 검사,482,1431,1913,32,0,True,True,https://modoohub.com/color-contrast-checker.html,1,False,False,2100
color-converter.html,색상 변환기 - HEX RGB HSL 색상 코드 변환,166,1227,1393,32,0,True,True,https://modoohub.com/color-converter.html,1,False,False,1321
color-palette.html,"Color Palette Generator - Complementary, Triadic, Analogous Colors",379,1235,1614,32,0,True,True,https://modoohub.com/color-palette.html,4,False,False,1484
color-picker.html,Color Picker - Free Online HEX RGB HSL Color Tool,265,2102,2367,48,0,True,True,https://modoohub.com/color-picker.html,1,False,False,2306
commission-calculator.html,수수료 계산기 - Commission Calculator | MODOO HUB,101,731,832,32,0,True,True,https://modoohub.com/commission-calculator.html,1,False,False,766
compound-annual-growth-rate-calculator.html,복합 연평균 성장률(CAGR) 계산기 - 투자 수익률 | 모두의 툴,149,876,1025,32,0,True,True,https://modoohub.com/cagr-calculator.html,1,False,False,null
compound-interest.html,Compound Interest Calculator - Growth Over Time | Free Online,1255,2367,3622,48,0,True,True,https://modoohub.com/compound-interest.html,4,False,False,1170
contact.html,Contact — Modoo Hub,865,0,865,0,0,False,False,https://modoohub.com/contact.html,4,False,False,
cors-header-checker.html,CORS Header Checker - CORS 헤더 검사기 | MODOO HUB,299,1688,1987,32,0,True,True,https://modoohub.com/cors-header-checker.html,1,False,False,1821
countdown-timer.html,Countdown Timer - Free Online Date Countdown,148,988,1136,32,0,True,True,https://modoohub.com/countdown-timer.html,1,False,False,1069
cps-calculator.html,CPS 계산기 - 클릭 속도 테스트 | MODOO HUB,154,546,700,32,0,True,True,https://modoohub.com/cps-calculator.html,1,False,False,646
credit-loan-limit.html,신용대출 한도 계산기 2026 - DSR 기준 최대 대출 가능 금액 자동 계산,1701,0,1701,0,8,True,True,https://modoohub.com/credit-loan-limit.html,1,False,False,1639
cron-generator.html,Cron 표현식 생성기 - Cron Expression Generator,275,1269,1544,26,0,True,True,https://modoohub.com/cron-generator.html,1,False,False,1424
cron-parser.html,Cron Expression Parser - Cron 표현식 파서,202,1422,1624,32,0,True,True,https://modoohub.com/cron-parser.html,1,False,False,1700
cron-validator.html,Cron Expression Validator - Cron 표현식 검증기 | MODOO HUB,236,1524,1760,32,0,True,True,https://modoohub.com/cron-validator.html,1,False,False,1647
csp-generator.html,CSP 생성기 - Content Security Policy 헤더 생성 | MODOO HUB,236,1451,1687,32,0,True,True,https://modoohub.com/csp-generator.html,1,False,False,1517
csp-validator.html,CSP 검증기 - Content Security Policy 분석 & 오류 진단 | MODOO HUB,230,1479,1709,32,0,True,True,https://modoohub.com/csp-validator.html,1,False,False,1456
csr-generator.html,CSR 생성기 - SSL 인증서 서명 요청 & OpenSSL 명령어 | MODOO HUB,414,1480,1894,32,0,True,True,https://modoohub.com/csr-generator.html,1,False,False,1644
css-beautifier.html,CSS 포매터 - CSS Beautifier | MODOO HUB,164,552,716,32,0,True,True,https://modoohub.com/css-beautifier.html,1,False,False,657
css-gradient-generator.html,CSS 그라디언트 생성기 - CSS Gradient Generator | MODOO HUB,161,934,1095,32,0,True,True,https://modoohub.com/css-gradient-generator.html,1,False,False,1022
css-minifier.html,CSS 압축기 - CSS Minifier | MODOO HUB,169,634,803,32,0,True,True,https://modoohub.com/css-minifier.html,1,False,False,654
csv-diff-checker.html,CSV Diff 비교기 - CSV Diff Checker | MODOO HUB,210,564,774,32,0,True,True,https://modoohub.com/csv-diff-checker.html,1,False,False,708
csv-to-json.html,CSV to JSON Converter - Free Online CSV to JSON Tool,307,927,1234,32,0,True,True,https://modoohub.com/csv-to-json.html,1,False,False,1150
csv-viewer.html,CSV Viewer - Free Online CSV Table Viewer & Analyzer,255,1340,1595,32,0,True,True,https://modoohub.com/csv-viewer.html,1,False,False,1512
curl-generator.html,cURL 명령 생성기 - HTTP 요청 → cURL 변환 | MODOO HUB,252,787,1039,32,0,True,True,https://modoohub.com/curl-generator.html,1,False,False,929
curl-parser.html,cURL 파서 - cURL 명령어 분석·분해 | MODOO HUB,124,765,889,32,0,True,True,https://modoohub.com/curl-parser.html,1,False,False,830
currency-converter.html,"Currency Converter - USD, EUR, KRW, CNY, INR & 150+ Currencies | Free",2453,1875,4328,43,0,True,True,https://modoohub.com/currency-converter.html,4,False,False,2504
date-calc.html,"날짜 계산기 - 날짜 더하기 빼기, 기간 계산",178,0,178,27,0,True,True,https://modoohub.com/date-calc.html,1,False,False,1354
dday.html,디데이 계산기 - D-day 날짜 계산기,1149,0,1149,8,8,True,True,https://modoohub.com/dday.html,1,False,False,1108
discount-calculator.html,할인 계산기 - Discount Calculator | MODOO HUB,108,732,840,32,0,True,True,https://modoohub.com/discount-calculator.html,1,False,False,777
dns-lookup.html,DNS 조회 — 모두의 툴,201,1486,1687,32,0,True,True,https://modoohub.com/dns-lookup.html,1,False,False,null
dominant-color-finder.html,이미지 주요 색상 찾기 - 대표색 추출 | MODOO HUB,185,556,741,32,0,True,True,https://modoohub.com/dominant-color-finder.html,1,False,False,686
dsr-calc.html,DSR 계산기 2026 - 총부채원리금상환비율 한도 자동 계산,2909,0,2909,0,8,True,True,https://modoohub.com/dsr-calc.html,4,False,False,null
duplicate-line-finder.html,중복 줄 찾기 - 텍스트 중복 행 감지·제거·하이라이트 | MODOO HUB,182,629,811,32,0,True,True,https://modoohub.com/duplicate-line-finder.html,1,False,False,703
electricity-cost-calculator.html,Electricity Cost Calculator - Free Online Power Bill Estimator,311,1171,1482,32,0,True,True,https://modoohub.com/electricity-cost-calculator.html,1,False,False,1397
emi-calculator.html,"EMI Calculator - Loan EMI, Home Loan, Car Loan | Free Online",745,2075,2820,48,0,True,True,https://modoohub.com/emi-calculator.html,4,False,False,2727
emoji-counter.html,이모지 카운터 - 텍스트 이모지 개수 세기·목록 추출 | MODOO HUB,152,592,744,32,0,True,True,https://modoohub.com/emoji-counter.html,1,False,False,689
emoji-remover.html,이모지 제거기 - 텍스트에서 이모지 삭제·정리 | MODOO HUB,153,568,721,32,0,True,True,https://modoohub.com/emoji-remover.html,1,False,False,664
epoch-converter.html,에포크 타임 변환기 - Epoch Converter | MODOO HUB,251,583,834,32,0,True,True,https://modoohub.com/epoch-converter.html,1,False,False,771
exif-remover.html,EXIF 제거기 - 사진 메타데이터 삭제 | MODOO HUB,199,708,907,32,0,True,True,https://modoohub.com/exif-remover.html,1,False,False,747
exif-viewer.html,EXIF 뷰어 - 사진 메타데이터 확인 | MODOO HUB,191,730,921,32,0,True,True,https://modoohub.com/exif-viewer.html,1,False,False,870
favicon-generator.html,파비콘 생성기 - 이미지로 Favicon 다운로드 | MODOO HUB,235,1308,1543,32,0,True,True,https://modoohub.com/favicon-generator.html,1,False,False,1471
favicon-maker.html,파비콘 만들기 - 무료 온라인 파비콘 생성기 | MODOO HUB,184,624,808,32,0,True,True,https://modoohub.com/favicon-maker.html,1,False,False,755
find-replace.html,Find & Replace - Online Text Find and Replace Tool | Free,321,1097,1418,32,0,True,True,https://modoohub.com/find-replace.html,4,False,False,1300
fire-calculator.html,FIRE Calculator - Financial Independence Retire Early,359,1200,1559,32,0,True,True,https://modoohub.com/fire-calculator.html,1,False,False,1483
four-insurance.html,4대보험 계산기 2026 - 국민연금·건강보험·고용보험·산재보험,1979,0,1979,0,8,True,True,https://modoohub.com/four-insurance.html,4,False,False,1926
freelancer-rate-calculator.html,프리랜서 요율 계산기 - 적정 시급 산출 | 모두의 툴,284,821,1105,32,0,True,True,https://modoohub.com/freelancer-rate-calculator.html,1,False,False,null
freelancer-tax.html,프리랜서 세금 계산기 2026 - 3.3% 원천징수 실수령액 계산,1855,0,1855,0,8,True,True,https://modoohub.com/freelancer-tax.html,1,False,False,1800
fuel-cost-calculator.html,Fuel Cost Calculator - Road Trip Gas Cost | Free Online,282,1187,1469,32,0,True,True,https://modoohub.com/fuel-cost-calculator.html,4,False,False,1391
gemini-cost-estimator.html,Gemini 비용 추정기 - Google Gemini API 비용 계산기 | MODOO HUB,496,940,1436,32,0,True,True,https://modoohub.com/gemini-cost-estimator.html,1,False,False,1252
gift-tax.html,증여세 계산기 2026 - 관계별 공제 한도와 세율 자동 계산,2638,0,2638,0,8,True,True,https://modoohub.com/gift-tax.html,4,False,False,null
gradient-generator.html,그라디언트 생성기 - Gradient Generator | MODOO HUB,134,769,903,32,0,True,True,https://modoohub.com/gradient-generator.html,1,False,False,838
graphql-formatter.html,GraphQL 포맷터 - GraphQL 쿼리 정렬·최소화 | MODOO HUB,130,878,1008,32,0,True,True,https://modoohub.com/graphql-formatter.html,1,False,False,898
graphql-query-builder.html,GraphQL 쿼리 빌더 - 시각적 GraphQL 쿼리 생성 | MODOO HUB,227,1066,1293,32,0,True,True,https://modoohub.com/graphql-query-builder.html,1,False,False,1179
gst-calculator.html,"GST Calculator India - Add or Remove GST (5%, 12%, 18%, 28%) Free",1633,2400,4033,48,0,True,True,https://modoohub.com/gst-calculator.html,4,False,False,1544
hash-checker.html,해시 체커 - SHA256/MD5/SHA1 해시 생성·검증 | MODOO HUB,142,769,911,32,0,True,True,https://modoohub.com/hash-checker.html,1,False,False,799
hash-generator.html,Hash 생성기 - MD5 SHA1 SHA256 SHA512 Generator,782,2788,3570,0,0,True,True,https://modoohub.com/hash-generator.html,1,False,False,679
hashtag-generator.html,Hashtag Generator - Generate Hashtags from Text | Free,310,1026,1336,32,0,True,True,https://modoohub.com/hashtag-generator.html,4,False,False,1261
health-insurance-calc.html,건강보험료 정산 계산기 2026 - 보수총액 정산 추가징수·환급액 계산,2185,0,2185,0,8,True,True,https://modoohub.com/health-insurance-calc.html,4,False,False,2128
health-insurance-calculator.html,건강보험료 계산기 - 2026년 직장·지역 건강보험료 | MODOO HUB,364,1032,1396,32,0,True,True,https://modoohub.com/health-insurance.html,1,False,False,1190
health-insurance.html,건강보험료 계산기 2026 - 직장·지역 건보료 계산,2234,0,2234,8,8,True,True,https://modoohub.com/health-insurance.html,1,False,False,2186
heic-to-jpg.html,HEIC to JPG 변환기 - HEIC to JPG Converter | MODOO HUB,278,906,1184,32,0,True,True,https://modoohub.com/heic-to-jpg.html,1,False,False,1052
hex-to-rgb.html,HEX to RGB 변환기 - HEX 색상 코드를 RGB·RGBA·HSL로 변환,378,1424,1802,32,0,True,True,https://modoohub.com/hex-to-rgb.html,1,False,False,1644
hmac-generator.html,HMAC 생성기 - HMAC-SHA256/SHA512 서명 생성 | MODOO HUB,124,884,1008,32,0,True,True,https://modoohub.com/hmac-generator.html,1,False,False,890
hourly-rate-calculator.html,시급 계산기 - 근무 시간별 급여 계산 | 모두의 툴,278,685,963,32,0,True,True,https://modoohub.com/hourly-rate-calculator.html,1,False,False,null
hreflang-generator.html,Hreflang 생성기 - 다국어 SEO hreflang 태그 생성 | MODOO HUB,387,1424,1811,32,0,True,True,https://modoohub.com/hreflang-generator.html,1,False,False,1689
htaccess-generator.html,.htaccess 생성기 - Apache .htaccess Generator,667,1492,2159,32,0,True,True,https://modoohub.com/htaccess-generator.html,1,False,False,1983
html-decoder.html,HTML 엔티티 디코더 - HTML Entity Decoder,199,1417,1616,32,0,True,True,https://modoohub.com/html-decoder.html,1,False,False,1578
html-encoder.html,HTML Encoder / Decoder - Free Online HTML Entity Tool,271,1176,1447,32,0,True,True,https://modoohub.com/html-encoder.html,1,False,False,1482
html-minifier.html,HTML 압축기 - HTML Minifier | MODOO HUB,159,707,866,32,0,True,True,https://modoohub.com/html-minifier.html,1,False,False,788
html-to-markdown.html,HTML to Markdown Converter - Free Online HTML → Markdown Tool,242,1428,1670,32,0,True,True,https://modoohub.com/html-to-markdown.html,1,False,False,1575
http-header-checker.html,HTTP 헤더 검사기 - 응답 헤더 분석 & 보안 헤더 확인 | MODOO HUB,234,1670,1904,32,0,True,True,https://modoohub.com/http-header-checker.html,1,False,False,1714
http-request-builder.html,HTTP 요청 빌더 - URL·헤더·본문 구성 도구 | MODOO HUB,205,701,906,32,0,True,True,https://modoohub.com/http-request-builder.html,1,False,False,802
ico-converter.html,ICO 변환기 - PNG/JPG를 ICO로 | MODOO HUB,193,608,801,32,0,True,True,https://modoohub.com/ico-converter.html,1,False,False,744
image-base64-decoder.html,이미지 Base64 디코더 - Base64를 이미지로 | MODOO HUB,131,749,880,32,0,True,True,https://modoohub.com/image-base64-decoder.html,1,False,True,762
image-base64-encoder.html,이미지 Base64 인코더 - 이미지를 Base64로 | MODOO HUB,154,700,854,32,0,True,True,https://modoohub.com/image-base64-encoder.html,1,False,False,791
image-color-extractor.html,이미지 색상 추출기 - 팔레트 추출 | MODOO HUB,147,546,693,32,0,True,True,https://modoohub.com/image-color-extractor.html,1,False,False,786
image-compressor.html,Image Compressor - Free Online Image Compression Tool,330,2043,2373,48,0,True,True,https://modoohub.com/image-compressor.html,1,False,False,2318
image-cropper.html,이미지 자르기 - 온라인 무료 이미지 크롭 | MODOO HUB,174,535,709,32,0,True,True,https://modoohub.com/image-cropper.html,1,False,False,651
image-dimension-checker.html,이미지 크기 확인기 - Image Dimension Checker | MODOO HUB,192,919,1111,32,0,True,True,https://modoohub.com/image-dimension-checker.html,1,False,False,994
image-dpi-checker.html,이미지 DPI 확인기 - Image DPI Checker | MODOO HUB,185,999,1184,32,0,True,True,https://modoohub.com/image-dpi-checker.html,1,False,False,974
image-metadata-viewer.html,이미지 메타데이터 뷰어 - 온라인 무료 | MODOO HUB,130,588,718,32,0,True,True,https://modoohub.com/image-metadata-viewer.html,1,False,False,663
image-prompt-generator.html,이미지 프롬프트 생성기 - AI Image Prompt Generator | MODOO HUB,557,763,1320,32,0,True,True,https://modoohub.com/image-prompt-generator.html,1,False,False,1187
image-resizer.html,Image Resizer - Free Online Image Resize Tool,267,1985,2252,48,0,True,True,https://modoohub.com/image-resizer.html,1,False,False,2206
image-rotator.html,이미지 회전 - 온라인 무료 | MODOO HUB,157,546,703,32,0,True,True,https://modoohub.com/image-rotator.html,1,False,False,654
image-to-pdf.html,Image to PDF - Free Online Image to PDF Converter,331,998,1329,32,0,True,True,https://modoohub.com/image-to-pdf.html,1,False,False,1210
image-to-webp.html,Image to WebP Converter - Free Online WebP Converter,270,1176,1446,32,0,True,True,https://modoohub.com/image-to-webp.html,1,False,False,1372
image-watermark.html,이미지 워터마크 추가 - 온라인 무료 | MODOO HUB,173,545,718,32,0,True,True,https://modoohub.com/image-watermark.html,1,False,False,664
income-tax.html,종합소득세 계산기 2026 - 사업소득·프리랜서 세금 자동 계산,2740,0,2740,0,8,True,True,https://modoohub.com/income-tax.html,4,False,False,null
index.html,모두의 툴 - 누구나 쓰는 무료 온라인 도구 모음,14435,182,14617,0,0,False,False,https://modoohub.com/,381,False,False,
inflation-calculator.html,Inflation Calculator - Real Value of Money Over Time | Free,754,1211,1965,32,0,True,True,https://modoohub.com/inflation-calculator.html,4,False,False,1897
inheritance-tax.html,상속세 계산기 | 2026년 기준 | MODOO HUB,2463,0,2463,8,8,True,True,https://modoohub.com/inheritance-tax.html,1,False,False,1814
investment-return-calculator.html,Investment Return Calculator - CAGR & ROI Calculator,364,2361,2725,48,0,True,True,https://modoohub.com/investment-return-calculator.html,1,False,False,2612
ip-address-lookup.html,IP 주소 조회 — 모두의 툴,168,1222,1390,32,0,True,True,https://modoohub.com/ip-address-lookup.html,1,False,False,null
javascript-beautifier.html,JavaScript 포매터 - JS Beautifier | MODOO HUB,178,643,821,32,0,True,True,https://modoohub.com/javascript-beautifier.html,1,False,False,756
javascript-minifier.html,JavaScript 압축기 - JS Minifier | MODOO HUB,181,805,986,32,0,True,True,https://modoohub.com/javascript-minifier.html,1,False,False,780
jpg-to-avif.html,JPG to AVIF 변환기 - JPG to AVIF Converter | MODOO HUB,203,986,1189,32,0,True,True,https://modoohub.com/jpg-to-avif.html,1,False,False,1041
jpg-to-heic.html,JPG to HEIC 변환기 - JPG to HEIC Converter | MODOO HUB,496,1148,1644,32,0,True,True,https://modoohub.com/jpg-to-heic.html,1,False,False,1342
jpg-to-webp.html,JPG to WebP 변환기 - 온라인 무료 | MODOO HUB,167,648,815,32,0,True,True,https://modoohub.com/jpg-to-webp.html,1,False,False,757
json-diff.html,JSON 비교기 - JSON Diff 도구 | MODOO HUB,129,833,962,32,0,True,True,https://modoohub.com/json-diff.html,1,False,False,904
json-flattener.html,JSON 평탄화 - 중첩 JSON을 Flat 키로 변환 | MODOO HUB,135,962,1097,32,0,True,True,https://modoohub.com/json-flattener.html,1,False,False,989
json-formatter.html,JSON 포맷터 - JSON 정렬 및 검증 도구,746,843,1589,0,0,True,True,https://modoohub.com/json-formatter.html,1,False,False,658
json-minifier.html,JSON Minifier - JSON 압축 도구,225,1366,1591,32,0,True,True,https://modoohub.com/json-minifier.html,1,False,False,1504
json-path-tester.html,JSONPath 테스터 - JSONPath 표현식 즉시 테스트 | MODOO HUB,141,930,1071,32,0,True,True,https://modoohub.com/json-path-tester.html,1,False,False,955
json-schema-generator.html,JSON Schema 생성기 - JSON Schema Generator | MODOO HUB,258,803,1061,32,0,True,True,https://modoohub.com/json-schema-generator.html,1,False,False,935
json-schema-validator.html,JSON Schema 검증기 - JSON Schema Validator | MODOO HUB,157,702,859,32,0,True,True,https://modoohub.com/json-schema-validator.html,1,False,False,785
json-to-csv.html,JSON to CSV Converter - Free Online JSON to CSV Tool,279,1027,1306,32,0,True,True,https://modoohub.com/json-to-csv.html,1,False,False,1222
json-to-xml.html,JSON → XML 변환기 - JSON to XML Converter | MODOO HUB,155,516,671,32,0,True,True,https://modoohub.com/json-to-xml.html,1,False,False,614
json-to-yaml.html,JSON to YAML 변환기 - 온라인 JSON → YAML 변환 | MODOO HUB,157,736,893,32,0,True,True,https://modoohub.com/json-to-yaml.html,1,False,True,1027
json-validator.html,JSON 검증기 - JSON 유효성 검사 도구,176,1322,1498,32,0,True,True,https://modoohub.com/json-validator.html,1,False,False,1412
json-viewer.html,JSON 뷰어 - JSON 트리 탐색기,192,1277,1469,32,0,True,True,https://modoohub.com/json-viewer.html,1,False,False,1387
jwt-decoder.html,JWT 디코더 - JWT 토큰 분석 및 검증,695,488,1183,0,0,True,True,https://modoohub.com/jwt-decoder.html,1,False,False,609
jwt-expiration-checker.html,JWT 만료 확인기 - JWT Expiration Checker | MODOO HUB,192,717,909,32,0,True,True,https://modoohub.com/jwt-expiration-checker.html,1,False,False,797
jwt-generator.html,JWT Generator - Free Online JWT Token Creator & Signer,517,1327,1844,32,0,True,True,https://modoohub.com/jwt-generator.html,1,False,False,1670
jwt-inspector.html,JWT 인스펙터 - JWT 토큰 상세 분석 | MODOO HUB,151,1070,1221,32,0,True,True,https://modoohub.com/jwt-inspector.html,1,False,False,1163
jwt-validator.html,JWT 검증기 - JWT Token 유효성 검사 | MODOO HUB,154,1015,1169,32,0,True,True,https://modoohub.com/jwt-validator.html,1,False,False,1087
keyword-cannibalization-checker.html,키워드 카니발리제이션 체커 - Keyword Cannibalization Checker | MODOO HUB,175,946,1121,32,0,True,True,https://modoohub.com/keyword-cannibalization-checker.html,1,False,False,899
keyword-clustering-tool.html,키워드 클러스터링 툴 - 키워드 자동 그룹화 & 시맨틱 클러스터링 | MODOO HUB,267,1981,2248,32,0,True,True,https://modoohub.com/keyword-clustering-tool.html,1,False,False,2177
keyword-density-checker.html,키워드 밀도 분석기 - SEO 키워드 빈도 계산 | MODOO HUB,144,600,744,32,0,True,True,https://modoohub.com/keyword-density-checker.html,1,False,False,790
keyword-density.html,Keyword Density Checker - Analyze Keyword Frequency | Free,279,712,991,20,0,True,True,https://modoohub.com/keyword-density-checker.html,2,False,False,911
keyword-difficulty-estimator.html,키워드 난이도 추정기 - Keyword Difficulty Estimator | MODOO HUB,355,912,1267,32,0,True,True,https://modoohub.com/keyword-difficulty-estimator.html,1,False,False,1103
keyword-extractor.html,키워드 추출기 - 텍스트에서 핵심 단어 자동 추출 | MODOO HUB,141,604,745,32,0,True,True,https://modoohub.com/keyword-extractor.html,1,False,False,683
keyword-grouping-tool.html,키워드 그룹화 툴 - 검색 의도 분류 인포메이셔널 커머셜 트랜잭셔널 | MODOO HUB,244,1811,2055,32,0,True,True,https://modoohub.com/keyword-grouping-tool.html,1,False,False,2507
korean-age.html,만나이 계산기 2026 - 생년월일로 만 나이 계산,1277,0,1277,8,8,True,True,https://modoohub.com/korean-age.html,1,False,False,1230
line-counter.html,Line Counter - Count Lines in Text Online | Free,285,934,1219,32,0,True,True,https://modoohub.com/line-counter.html,4,False,False,1150
line-merger.html,줄 합치기 - 여러 줄을 한 줄로 합치는 도구 | MODOO HUB,157,630,787,32,0,True,True,https://modoohub.com/line-merger.html,1,False,False,727
loan-calc.html,대출이자 계산기 2026 - 원리금균등·원금균등·만기일시 비교,2690,1689,4379,0,12,True,True,https://modoohub.com/loan-calc.html,1,False,False,2632
loan-calculator-en.html,Loan Calculator - Monthly Payment & Interest | Free,698,1097,1795,32,0,True,True,https://modoohub.com/loan-calculator-en.html,4,False,False,1725
loan-payoff-calculator.html,Loan Payoff Calculator - Pay Off Debt Faster,279,1219,1498,32,0,True,True,https://modoohub.com/loan-payoff-calculator.html,1,False,False,1431
lorem-ipsum-generator.html,로렘 입숨 생성기 - Lorem Ipsum Generator 무료 | MODOO HUB,156,927,1083,32,0,True,True,https://modoohub.com/lorem-ipsum-generator.html,1,False,False,963
lowercase-converter.html,소문자 변환기 - Lowercase Converter | MODOO HUB,172,593,765,32,0,True,True,https://modoohub.com/lowercase-converter.html,4,False,False,701
ltv-calculator.html,LTV 계산기 2026 - 주택담보대출 비율 및 최대 대출 한도 자동 계산,2951,0,2951,0,9,True,True,https://modoohub.com/ltv-calculator.html,1,False,False,2891
macro-calculator.html,Macro Calculator - Free TDEE & Macronutrient Calculator,478,1319,1797,32,0,True,True,https://modoohub.com/macro-calculator.html,1,False,False,1676
margin-calculator.html,마진 계산기 - Margin Calculator | MODOO HUB,99,783,882,32,0,True,True,https://modoohub.com/margin-calculator.html,1,False,False,821
markdown-chat-exporter.html,AI 채팅 마크다운 내보내기 - ChatGPT/Claude 대화 Markdown 변환 | MODOO HUB,296,712,1008,32,0,True,True,https://modoohub.com/markdown-chat-exporter.html,1,False,False,929
markdown-preview.html,Markdown Preview - Live Editor & Renderer | Free Online Tool,230,1414,1644,32,0,True,True,https://modoohub.com/markdown-preview.html,1,False,False,null
markdown-to-html.html,Markdown to HTML Converter - Free Online Markdown → HTML Tool,268,2393,2661,36,0,True,True,https://modoohub.com/markdown-to-html.html,1,False,True,
md5-generator.html,MD5 Hash Generator - Free Online MD5 Tool,310,1730,2040,32,0,True,True,https://modoohub.com/md5-generator.html,1,False,False,1878
meeting-cost-calculator.html,회의 비용 계산기 - 회의 시간 낭비 계산 | 모두의 툴,264,837,1101,32,0,True,True,https://modoohub.com/meeting-cost-calculator.html,1,False,False,null
meta-description-generator.html,메타 설명 생성기 - SEO 메타 디스크립션 자동 생성 | MODOO HUB,212,1040,1252,32,0,True,True,https://modoohub.com/meta-description-generator.html,1,False,False,739
meta-tag-analyzer.html,Meta 태그 분석기 - SEO 점수 & 누락 태그 검사 | MODOO HUB,282,1544,1826,32,0,True,True,https://modoohub.com/meta-tag-analyzer.html,1,False,False,1530
meta-tag-generator.html,Meta Tag Generator - SEO·OG·Twitter 메타 태그 생성기 | MODOO HUB,660,1840,2500,32,0,True,True,https://modoohub.com/meta-tag-generator.html,1,False,False,2386
meta-tag-preview.html,메타 태그 미리보기 - Meta Tag Preview | MODOO HUB,258,915,1173,32,0,True,True,https://modoohub.com/meta-tag-preview.html,1,False,False,1059
mime-type-finder.html,MIME Type Finder - 파일 확장자 MIME 타입 조회 | MODOO HUB,282,1348,1630,32,0,True,True,https://modoohub.com/mime-type-finder.html,1,False,False,1511
minimum-wage.html,최저임금 계산기 2026 - 시급·월급·연봉 자동 계산,2015,0,2015,0,9,True,True,https://modoohub.com/minimum-wage.html,4,False,False,1967
mortgage-calculator.html,Mortgage Calculator - Monthly Payment & Amortization | Free,962,2039,3001,48,0,True,True,https://modoohub.com/mortgage-calculator.html,4,False,False,879
nanoid-generator.html,NanoID 생성기 - 커스텀 알파벳 고유 ID | MODOO HUB,133,817,950,32,0,True,True,https://modoohub.com/nanoid-generator.html,1,False,False,889
national-pension-calculator.html,국민연금 계산기 - 2026년 보험료·예상수령액 | MODOO HUB,212,894,1106,32,0,True,True,https://modoohub.com/national-pension-calculator.html,1,False,False,968
national-pension.html,국민연금 조기수령 vs 연기수령 계산기 - 손익분기 나이 자동 계산,2402,0,2402,0,8,True,True,https://modoohub.com/national-pension.html,4,False,False,2347
naverfc35bcbb70f824fb8fba2e8491a4dbec.html,,67,0,67,0,0,False,False,,0,False,False,null
nginx-config-generator.html,Nginx 설정 생성기 - Nginx Config Generator,389,1573,1962,32,0,True,True,https://modoohub.com/nginx-config-generator.html,1,False,False,1856
ngram-analyzer.html,N-그램 분석기 - N-Gram Analyzer | MODOO HUB,178,796,974,32,0,True,True,https://modoohub.com/ngram-analyzer.html,1,False,False,866
number-converter.html,진수 변환기 - 2진수 8진수 10진수 16진수 변환,264,1344,1608,32,0,True,True,https://modoohub.com/number-converter.html,4,False,False,1556
open-graph-generator.html,오픈 그래프 생성기 - OG 태그 생성 & 소셜 공유 미리보기 | MODOO HUB,551,1594,2145,32,0,True,True,https://modoohub.com/open-graph-generator.html,1,False,False,2029
open-graph-preview.html,오픈그래프 미리보기 - Open Graph Preview | MODOO HUB,187,816,1003,32,0,True,True,https://modoohub.com/open-graph-preview.html,1,False,False,925
openai-cost-estimator.html,OpenAI 비용 추정기 - GPT-4o/GPT-4 API 비용 계산기 | MODOO HUB,443,853,1296,32,0,True,True,https://modoohub.com/openai-cost-estimator.html,1,False,False,1127
overtime-pay.html,야간수당·연장수당·휴일수당 계산기 2026,1910,0,1910,0,8,True,True,https://modoohub.com/overtime-pay.html,4,False,False,1869
pace-calculator.html,"Pace Calculator - Running Pace, Speed & Time | Free Online",330,1274,1604,32,0,True,True,https://modoohub.com/pace-calculator.html,1,False,False,1523
palindrome-checker.html,회문 검사기 - 팰린드롬 확인 도구 | MODOO HUB,120,608,728,32,0,True,True,https://modoohub.com/palindrome-checker.html,1,False,False,674
parental-leave.html,육아휴직급여 계산기 2026 - 통상임금의 80% 계산,1954,0,1954,8,8,True,True,https://modoohub.com/parental-leave.html,1,False,False,1905
password-generator.html,Password Generator - Strong Random Password | Free Online Tool,560,2111,2671,47,0,True,True,https://modoohub.com/password-generator.html,4,False,False,2501
payslip-calc.html,급여명세서 계산기 - 월급 공제항목 자동 계산 및 출력,1468,0,1468,8,8,True,True,https://modoohub.com/payslip-calc.html,4,False,False,1422
pdf-compressor.html,PDF Compressor - Free Online PDF File Size Reducer,368,1352,1720,32,0,True,True,https://modoohub.com/pdf-compressor.html,1,False,False,1588
pdf-extract-images.html,PDF 이미지 추출 - PDF 페이지를 이미지로 | MODOO HUB,222,518,740,32,0,True,True,https://modoohub.com/pdf-extract-images.html,1,False,True,681
pdf-extract-text.html,PDF 텍스트 추출 - PDF에서 텍스트 복사 | MODOO HUB,174,532,706,32,0,True,True,https://modoohub.com/pdf-extract-text.html,1,False,True,604
pdf-merge.html,PDF Merge - Free Online PDF Combiner,243,1716,1959,48,0,True,True,https://modoohub.com/pdf-merge.html,1,False,False,1921
pdf-metadata-remover.html,PDF 메타데이터 제거기 - PDF Metadata Remover | MODOO HUB,173,763,936,32,0,True,True,https://modoohub.com/pdf-metadata-remover.html,1,False,False,866
pdf-metadata-viewer.html,PDF 메타데이터 뷰어 - PDF 정보 확인 | MODOO HUB,124,506,630,32,0,True,True,https://modoohub.com/pdf-metadata-viewer.html,1,False,False,572
pdf-ocr.html,PDF OCR 텍스트 추출기 - 스캔 PDF 텍스트 인식 | 모두의 툴,326,961,1287,32,0,True,True,https://modoohub.com/pdf-ocr.html,1,False,False,null
pdf-page-counter.html,PDF Page Counter - Free Online PDF Page Count Tool,249,1275,1524,32,0,True,True,https://modoohub.com/pdf-page-counter.html,1,False,False,1452
pdf-page-extractor.html,PDF 페이지 추출기 - PDF Page Extractor | MODOO HUB,147,747,894,32,0,True,True,https://modoohub.com/pdf-page-extractor.html,1,False,False,828
pdf-password-adder.html,PDF 비밀번호 추가 - PDF 암호화 | MODOO HUB,206,504,710,32,0,True,True,https://modoohub.com/pdf-password-adder.html,1,False,True,657
pdf-password-remover.html,PDF 비밀번호 제거 - PDF 암호 해제 | MODOO HUB,155,494,649,32,0,True,True,https://modoohub.com/pdf-password-remover.html,1,False,False,758
pdf-reorder-pages.html,PDF 페이지 순서 변경 - PDF 페이지 재배열 | MODOO HUB,176,457,633,32,0,True,True,https://modoohub.com/pdf-reorder-pages.html,1,False,True,573
pdf-rotate.html,PDF 페이지 회전 - PDF 방향 변경 | MODOO HUB,179,507,686,32,0,True,True,https://modoohub.com/pdf-rotate.html,1,False,True,632
pdf-size-analyzer.html,PDF 크기 분석기 - PDF Size Analyzer | MODOO HUB,150,723,873,32,0,True,True,https://modoohub.com/pdf-size-analyzer.html,1,False,False,809
pdf-split.html,PDF Split - Free Online PDF Page Extractor,279,1147,1426,32,0,True,True,https://modoohub.com/pdf-split.html,1,False,False,1361
pdf-thumbnail-generator.html,PDF 썸네일 생성기 - PDF Thumbnail Generator | MODOO HUB,158,697,855,32,0,True,True,https://modoohub.com/pdf-thumbnail-generator.html,1,False,False,784
pdf-to-image.html,PDF to Image - Free Online PDF Page to PNG Converter,250,1108,1358,32,0,True,True,https://modoohub.com/pdf-to-image.html,1,False,False,1284
pdf-to-text.html,PDF → TXT 변환 - PDF를 텍스트 파일로 | MODOO HUB,141,448,589,32,0,True,True,https://modoohub.com/pdf-to-text.html,1,False,False,529
pdf-unlock.html,PDF 잠금 해제 - PDF 인쇄·복사 제한 해제 | MODOO HUB,205,509,714,32,0,True,True,https://modoohub.com/pdf-unlock.html,1,False,True,655
pdf-watermark.html,PDF 워터마크 추가 - PDF 텍스트 워터마크 | MODOO HUB,253,507,760,32,0,True,True,https://modoohub.com/pdf-watermark.html,1,False,False,660
pdf-word-counter.html,PDF 단어 수 카운터 - PDF Word Counter | MODOO HUB,174,810,984,32,0,True,True,https://modoohub.com/pdf-word-counter.html,1,False,False,829
percent-calc.html,"퍼센트 계산기 - 할인율, 증감률, 비율 계산 | 모두의 툴",317,2535,2852,48,0,True,True,https://modoohub.com/percent-calc.html,2,False,False,235
percentage-decrease-calculator.html,퍼센트 감소 계산기 - 감소율 계산 | 모두의 툴,113,656,769,32,0,True,True,https://modoohub.com/percentage-decrease-calculator.html,1,False,False,null
percentage-increase-calculator.html,퍼센트 증가 계산기 - 증가율 계산 | 모두의 툴,113,684,797,32,0,True,True,https://modoohub.com/percentage-increase-calculator.html,1,False,False,null
pixelate-image.html,이미지 픽셀화 - 온라인 픽셀레이트 효과 | MODOO HUB,145,561,706,32,0,True,True,https://modoohub.com/pixelate-image.html,1,False,False,650
png-to-jpg.html,PNG to JPG Converter - Free Online PNG → JPG Tool,306,1365,1671,32,0,True,True,https://modoohub.com/png-to-jpg.html,1,False,False,1600
png-to-svg.html,PNG to SVG 변환기 - 온라인 무료 | MODOO HUB,267,745,1012,32,0,True,True,https://modoohub.com/png-to-svg.html,1,False,False,873
pomodoro-timer.html,Pomodoro Timer - Free Online Focus Timer,253,1281,1534,32,0,True,True,https://modoohub.com/pomodoro-timer.html,1,False,False,1471
pregnancy-due-date.html,Pregnancy Due Date Calculator - 출산 예정일 계산기,357,1294,1651,32,0,True,True,https://modoohub.com/pregnancy-due-date.html,1,False,False,1586
prepayment-fee.html,중도상환수수료 계산기 2026 - 은행 대출 조기상환 수수료 자동 계산,1623,0,1623,0,8,True,True,https://modoohub.com/prepayment-fee.html,1,False,False,1565
privacy-policy.html,Privacy Policy — Modoo Hub,58,0,58,0,0,False,False,https://modoohub.com/privacy.html,1,False,False,
privacy.html,개인정보처리방침 - Privacy Policy | Modoo Hub,3579,0,3579,0,0,False,False,,2,False,False,
profit-calculator.html,이익 계산기 - Profit Calculator | MODOO HUB,101,718,819,32,0,True,True,https://modoohub.com/profit-calculator.html,1,False,False,758
prompt-cleaner.html,프롬프트 정제기 - AI 프롬프트 최적화·정리 도구 | MODOO HUB,129,698,827,32,0,True,True,https://modoohub.com/prompt-cleaner.html,1,False,False,723
prompt-formatter.html,Prompt Formatter - AI Prompt Formatting Tool,269,1380,1649,32,0,True,True,https://modoohub.com/prompt-formatter.html,1,False,False,1612
prompt-improver.html,AI 프롬프트 개선기 - Prompt Improver | MODOO HUB,152,841,993,32,0,True,True,https://modoohub.com/prompt-improver.html,1,False,False,766
prompt-optimizer.html,AI 프롬프트 최적화기 - Prompt Optimizer | MODOO HUB,188,1879,2067,32,0,True,True,https://modoohub.com/prompt-optimizer.html,1,False,False,1063
prompt-template-generator.html,프롬프트 템플릿 생성기 - AI 프롬프트 구조 템플릿 | MODOO HUB,125,783,908,32,0,True,True,https://modoohub.com/prompt-template-generator.html,1,False,False,803
prompt-template-library.html,프롬프트 템플릿 라이브러리 - Prompt Template Library | MODOO HUB,123,682,805,32,0,True,True,https://modoohub.com/prompt-template-library.html,1,False,False,730
prompt-token-estimator.html,프롬프트 토큰 추정기 - GPT/Claude/Gemini 토큰 계산 | MODOO HUB,185,848,1033,32,0,True,True,https://modoohub.com/prompt-token-estimator.html,1,False,False,867
prompt-variable-extractor.html,프롬프트 변수 추출기 - {{변수}} 자동 추출·입력폼 생성 | MODOO HUB,197,717,914,32,0,True,True,https://modoohub.com/prompt-variable-extractor.html,1,False,False,800
property-tax.html,종합부동산세 계산기 2026 - 종부세 자동 계산,1938,0,1938,8,8,True,True,https://modoohub.com/property-tax.html,1,False,False,1892
qr-code-generator.html,QR코드 생성기 - 무료 QR Code Generator | MODOO HUB,224,983,1207,32,0,True,True,https://modoohub.com/qr-code-generator.html,1,False,False,1098
qr-generator.html,QR Code Generator - Free Online QR Code Maker,347,2185,2532,48,0,True,True,https://modoohub.com/qr-code-generator.html,1,False,False,2413
random-string.html,Random String Generator - Free Online Random Text Generator,259,1123,1382,32,0,True,True,https://modoohub.com/random-string.html,1,False,False,1301
random-word-generator.html,랜덤 단어 생성기 - 영어 단어 무작위 생성 | MODOO HUB,131,543,674,32,0,True,True,https://modoohub.com/random-word-generator.html,1,False,False,615
read-time-calculator.html,Read Time Calculator - Estimate Reading & Speaking Time | Free,341,905,1246,32,0,True,True,https://modoohub.com/read-time-calculator.html,4,False,False,1161
reading-level-checker.html,독해 수준 분석기 - 플레시-킨케이드 가독성 검사 | MODOO HUB,242,693,935,32,0,True,True,https://modoohub.com/reading-level-checker.html,1,False,False,873
realestate-fee.html,중개수수료 계산기 2026 - 매매·전세·월세 복비 자동 계산,1990,0,1990,0,8,True,True,https://modoohub.com/realestate-fee.html,1,False,False,1938
redirect-checker.html,리다이렉트 체인 검사기 - URL 301 302 리다이렉트 분석 | MODOO HUB,341,2377,2718,32,0,True,True,https://modoohub.com/redirect-checker.html,1,False,False,2184
regex-cheatsheet.html,정규식 치트시트 - Regex 특수문자·패턴 참조표 | MODOO HUB,169,844,1013,32,0,True,True,https://modoohub.com/regex-cheatsheet.html,1,False,False,909
regex-extractor.html,정규식 추출기 - Regex Extractor | MODOO HUB,127,601,728,32,0,True,True,https://modoohub.com/regex-extractor.html,1,False,False,668
regex-generator.html,정규식 생성기 - 패턴별 Regex 자동 생성·테스트 | MODOO HUB,199,771,970,32,0,True,True,https://modoohub.com/regex-generator.html,1,False,False,864
regex-replace-tester.html,정규식 치환 테스터 - Regex Replace Tester | MODOO HUB,160,681,841,32,0,True,True,https://modoohub.com/regex-replace-tester.html,1,False,False,782
regex-tester.html,정규식 테스터 - Regex Tester & Validator,1037,2788,3825,0,0,True,True,https://modoohub.com/regex-tester.html,1,False,False,979
remove-duplicate-lines.html,Remove Duplicate Lines - Free Online Deduplication Tool,240,1046,1286,32,0,True,True,https://modoohub.com/remove-duplicate-lines.html,1,False,False,1255
remove-duplicate-words.html,Remove Duplicate Words - Deduplicate Words Online | Free,344,858,1202,32,0,True,True,https://modoohub.com/remove-duplicate-words.html,4,False,False,1125
remove-empty-lines.html,Remove Empty Lines - Delete Blank Lines from Text | Free,345,851,1196,32,0,True,True,https://modoohub.com/remove-empty-lines.html,4,False,False,1118
remove-special-characters.html,특수 문자 제거기 - Remove Special Characters | MODOO HUB,228,671,899,32,0,True,True,https://modoohub.com/remove-special-characters.html,1,False,False,837
rent-convert.html,전월세 전환 계산기 - 전세→월세 월세→전세 변환,1379,0,1379,8,8,True,True,https://modoohub.com/rent-convert.html,1,False,False,1333
retirement-calc.html,은퇴 자금 계산기 - 노후 준비 목표금액 자동 계산,1677,0,1677,8,8,True,True,https://modoohub.com/retirement-calc.html,4,False,False,1630
retirement-pension.html,퇴직연금 계산기 2026 - DB형·DC형 퇴직연금 예상 수령액 자동 계산,2596,0,2596,0,9,True,True,https://modoohub.com/retirement-pension.html,1,False,False,2536
rgb-to-hex.html,RGB to HEX 변환기 - RGB·HSL 색상을 HEX 코드로 변환,240,1373,1613,32,0,True,True,https://modoohub.com/rgb-to-hex.html,1,False,False,1505
robots-txt-generator.html,Robots.txt Generator - robots.txt 파일 생성기 | MODOO HUB,304,1965,2269,32,0,True,True,https://modoohub.com/robots-txt-generator.html,1,False,False,2147
robots-txt-tester.html,robots.txt 테스터 - Robots.txt Tester | MODOO HUB,211,841,1052,32,0,True,True,https://modoohub.com/robots-txt-tester.html,1,False,False,941
robots-txt-validator.html,Robots.txt 검증기 - 문법 검사 & URL 크롤링 허용 여부 테스트 | MODOO HUB,355,1532,1887,32,0,True,True,https://modoohub.com/robots-txt-validator.html,1,False,False,1620
roi-calculator.html,ROI Calculator - Return on Investment | Free Online,960,2265,3225,48,0,True,True,https://modoohub.com/roi-calculator.html,4,False,False,885
rsa-key-generator.html,RSA 키 생성기 - RSA 공개키/개인키 쌍 생성 PEM | MODOO HUB,235,897,1132,32,0,True,True,https://modoohub.com/rsa-key-generator.html,1,False,False,1020
salary-negotiation.html,연봉 협상 계산기 - 인상률별 실수령액 변화 즉시 비교,1858,0,1858,0,8,True,True,https://modoohub.com/salary-negotiation.html,4,False,False,1810
salary-per-hour-calculator.html,시간당 급여 계산기 - 연봉/월급 → 시급 변환 | 모두의 툴,285,781,1066,32,0,True,True,https://modoohub.com/salary-per-hour-calculator.html,1,False,False,null
salary-raise.html,연봉 인상률 계산기 2026 - 인상 후 연봉·실수령액 변화 즉시 계산,1541,0,1541,0,8,True,True,https://modoohub.com/salary-raise.html,1,False,False,1483
salary-reverse.html,연봉 실수령액 역산기 2026 - 원하는 월급으로 필요 세전 연봉 계산,1739,0,1739,0,8,True,True,https://modoohub.com/salary-reverse.html,1,False,False,1681
salary.html,연봉 실수령액 계산기 2026 - 세후 월급 자동 계산,1904,0,1904,0,8,True,True,https://modoohub.com/salary.html,1,False,False,1855
savings-calc.html,적금 만기 계산기 2026 - 이자·세후 수령액 계산,368,2424,2792,48,0,True,True,https://modoohub.com/savings-calc.html,4,False,False,2683
schema-generator-article.html,아티클 스키마 생성기 - Schema Generator Article | MODOO HUB,294,859,1153,32,0,True,True,https://modoohub.com/schema-generator-article.html,1,False,False,1034
schema-generator-faq.html,FAQ 스키마 생성기 - Schema Generator FAQ | MODOO HUB,172,823,995,32,0,True,True,https://modoohub.com/schema-generator-faq.html,1,False,False,893
schema-generator-product.html,제품 스키마 생성기 - Schema Generator Product | MODOO HUB,321,829,1150,32,0,True,True,https://modoohub.com/schema-generator-product.html,1,False,False,1019
schema-markup-generator.html,스키마 마크업 생성기 - JSON-LD 구조화 데이터 생성 & 구글 리치 스니펫 | MODOO HUB,328,1490,1818,32,0,True,True,https://modoohub.com/schema-markup-generator.html,1,False,False,1690
schema-validator.html,스키마 검증기 - JSON-LD 구조화 데이터 검증·필수 필드 확인 | MODOO HUB,245,1409,1654,32,0,True,True,https://modoohub.com/schema-validator.html,1,False,False,1532
sentence-case-converter.html,문장형 대소문자 변환기 - Sentence Case Converter | MODOO HUB,161,867,1028,32,0,True,True,https://modoohub.com/sentence-case-converter.html,1,False,False,889
sentence-counter.html,"Sentence Counter - Count Sentences, Words, Characters | Free",316,821,1137,32,0,True,True,https://modoohub.com/sentence-counter.html,4,False,False,1056
seo-title-generator.html,SEO 제목 생성기 - 클릭률 높은 타이틀 만들기 | MODOO HUB,222,647,869,32,0,True,True,https://modoohub.com/seo-title-generator.html,1,False,False,807
serp-snippet-preview.html,SERP 스니펫 미리보기 - SERP Snippet Preview | MODOO HUB,237,626,863,32,0,True,True,https://modoohub.com/serp-snippet-preview.html,1,False,False,1030
severance-pay-calculator.html,퇴직금 계산기 - 무료 온라인 퇴직금 계산 | MODOO HUB,236,986,1222,32,0,True,True,https://modoohub.com/severance.html,1,False,False,1088
severance-tax.html,퇴직소득세 계산기 2026 - 퇴직금 실수령액 자동 계산,1885,0,1885,0,8,True,True,https://modoohub.com/severance-tax.html,4,False,False,1836
severance.html,퇴직금 계산기 2026 - 법정 퇴직급여 자동 계산,1734,0,1734,0,8,True,True,https://modoohub.com/severance.html,1,False,False,1687
sha256-generator.html,SHA-256 Hash Generator - Free Online SHA256 Tool,287,1714,2001,40,0,True,True,https://modoohub.com/sha256-generator.html,1,False,False,1921
sip-calculator.html,SIP Calculator India - Monthly Investment Returns & Wealth Growth,804,1308,2112,32,0,True,True,https://modoohub.com/sip-calculator.html,4,False,False,2024
sitemap-extractor.html,사이트맵 추출기 - Sitemap Extractor | MODOO HUB,219,840,1059,32,0,True,True,https://modoohub.com/sitemap-extractor.html,1,False,False,1093
sitemap-generator.html,Sitemap Generator - XML 사이트맵 생성기 | MODOO HUB,334,1818,2152,32,0,True,True,https://modoohub.com/sitemap-generator.html,1,False,False,2046
sitemap-validator.html,사이트맵 검증기 - XML Sitemap 유효성 검사 & URL 분석 | MODOO HUB,274,1288,1562,32,0,True,True,https://modoohub.com/sitemap-validator.html,1,False,False,1498
sleep-calculator.html,Sleep Calculator - Best Bedtime & Wake Up Times | Free Online,319,1275,1594,32,0,True,True,https://modoohub.com/sleep-calculator.html,4,False,False,1435
slug-checker.html,슬러그 검사기 - URL 슬러그 유효성 검사 | MODOO HUB,126,579,705,32,0,True,True,https://modoohub.com/slug-checker.html,1,False,False,646
slug-generator.html,Slug Generator - Convert Text to URL Slug | Free,284,526,810,20,0,True,True,https://modoohub.com/slug-generator.html,2,False,False,741
split-calculator.html,더치페이 계산기 - 인원별 금액 분할 | 영수증 정산,298,0,298,32,0,True,True,https://modoohub.com/split-calculator.html,4,False,False,1391
sql-formatter.html,SQL Formatter - Free Online SQL Beautifier & Formatter,290,1057,1347,32,0,True,True,https://modoohub.com/sql-formatter.html,1,False,False,1261
sql-minifier.html,SQL 최소화 - SQL 쿼리 공백 제거·압축 | MODOO HUB,125,699,824,32,0,True,True,https://modoohub.com/sql-minifier.html,1,False,False,823
sql-query-explainer.html,SQL 쿼리 설명기 - SQL Query Explainer | MODOO HUB,121,686,807,32,0,True,True,https://modoohub.com/sql-query-explainer.html,1,False,False,770
sql-to-json.html,SQL to JSON - SQL INSERT/CSV 데이터 → JSON 변환 | MODOO HUB,157,728,885,32,0,True,True,https://modoohub.com/sql-to-json.html,1,False,False,761
sql-validator.html,SQL 유효성 검사 - SQL 구문 체크·포맷팅 | MODOO HUB,117,632,749,32,0,True,True,https://modoohub.com/sql-validator.html,1,False,False,688
ssh-key-generator.html,SSH 키 생성기 - Ed25519/RSA SSH 키 생성 명령어 | MODOO HUB,209,1167,1376,32,0,True,True,https://modoohub.com/ssh-key-generator.html,1,False,False,1039
ssl-checker.html,SSL 검사기 — 모두의 툴,149,1614,1763,32,0,True,True,https://modoohub.com/ssl-checker.html,1,False,False,null
ssl-decoder.html,SSL 디코더 — 모두의 툴,109,1588,1697,32,0,True,True,https://modoohub.com/ssl-decoder.html,1,False,False,null
stock-tax.html,주식 양도소득세 계산기 2026 - 국내·해외 주식 세금 계산,1984,0,1984,8,8,True,True,https://modoohub.com/stock-tax.html,1,False,False,1931
stopword-remover.html,불용어 제거기 - 텍스트에서 Stopword 자동 제거 | MODOO HUB,173,642,815,32,0,True,True,https://modoohub.com/stopword-remover.html,1,False,False,709
svg-cleaner.html,SVG Cleaner - SVG 클리너 | MODOO HUB,221,937,1158,32,0,True,True,https://modoohub.com/svg-cleaner.html,1,False,False,1103
svg-minifier.html,SVG 압축기 - SVG 파일 크기 최소화 | MODOO HUB,153,634,787,32,0,True,True,https://modoohub.com/svg-minifier.html,1,False,False,742
svg-optimizer.html,SVG Optimizer - SVG 최적화 도구 | MODOO HUB,183,866,1049,32,0,True,True,https://modoohub.com/svg-optimizer.html,1,False,False,989
svg-to-png.html,SVG to PNG 변환기 - 온라인 무료 | MODOO HUB,173,584,757,32,0,True,True,https://modoohub.com/svg-to-png.html,1,False,False,700
svg-viewer.html,SVG 뷰어 - SVG 코드 실시간 미리보기 | MODOO HUB,131,618,749,32,0,True,True,https://modoohub.com/svg-viewer.html,1,False,False,735
system-prompt-generator.html,AI 시스템 프롬프트 생성기 - System Prompt Generator | MODOO HUB,285,848,1133,32,0,True,True,https://modoohub.com/system-prompt-generator.html,1,False,False,860
tailwind-color-generator.html,Tailwind 컬러 생성기 - Tailwind Color Generator | MODOO HUB,129,890,1019,32,0,True,True,https://modoohub.com/tailwind-color-generator.html,1,False,False,942
terms.html,Terms of Use — Modoo Hub,2817,0,2817,0,0,False,False,https://modoohub.com/terms.html,4,False,False,
text-case-detector.html,텍스트 케이스 감지기 - camelCase·snake_case·PascalCase 자동 인식 | MODOO HUB,177,806,983,32,0,True,True,https://modoohub.com/text-case-detector.html,1,False,False,795
text-cleaner.html,Text Cleaner - Clean and Format Text Online Free,189,1130,1319,32,0,True,True,https://modoohub.com/text-cleaner.html,1,False,False,1257
text-decryptor.html,텍스트 복호화 - AES-256·Caesar·ROT13 온라인 복호화 | MODOO HUB,168,787,955,32,0,True,True,https://modoohub.com/text-decryptor.html,1,False,False,773
text-deduplicator.html,중복 줄 제거기 - Text Deduplicator | MODOO HUB,146,667,813,32,0,True,True,https://modoohub.com/text-deduplicator.html,1,False,False,705
text-diff-checker.html,Text Diff Checker - Compare Two Texts Online,217,1077,1294,32,0,True,True,https://modoohub.com/text-diff-checker.html,1,False,False,1248
text-encryptor.html,텍스트 암호화 - AES-256·Caesar·ROT13 온라인 암호화 | MODOO HUB,168,812,980,32,0,True,True,https://modoohub.com/text-encryptor.html,1,False,False,807
text-merger.html,텍스트 합치기 - 여러 텍스트를 하나로 합치는 도구 | MODOO HUB,179,524,703,32,0,True,True,https://modoohub.com/text-merger.html,1,False,False,329
text-reverser.html,"Text Reverser - Reverse Text, Words, Lines Online | Free",283,837,1120,32,0,True,True,https://modoohub.com/text-reverser.html,4,False,False,1043
text-shuffler.html,"Text Shuffler - Shuffle Lines, Words, Characters Online | Free",290,874,1164,32,0,True,True,https://modoohub.com/text-shuffler.html,4,False,False,1082
text-similarity-checker.html,텍스트 유사도 검사기 - Text Similarity Checker | MODOO HUB,298,766,1064,32,0,True,True,https://modoohub.com/text-similarity-checker.html,1,False,False,992
text-sorter.html,Text Line Sorter - Sort Lines Online Free,227,1157,1384,32,0,True,True,https://modoohub.com/text-sorter.html,1,False,False,1320
text-statistics.html,텍스트 통계 분석기 - 글자수·단어수·가독성 지수 | MODOO HUB,145,610,755,32,0,True,True,https://modoohub.com/text-statistics.html,1,False,False,693
text-summarizer.html,텍스트 요약기 - Text Summarizer | MODOO HUB,181,663,844,32,0,True,True,https://modoohub.com/text-summarizer.html,1,False,False,784
text-to-base64.html,Text to Base64 Converter - 텍스트 → Base64 변환기,238,1934,2172,32,0,True,True,https://modoohub.com/text-to-base64.html,1,False,False,2030
text-to-unicode.html,텍스트 → 유니코드 변환 - 문자를 U+코드·\uXXXX로 변환 | MODOO HUB,216,671,887,32,0,True,True,https://modoohub.com/text-to-unicode.html,1,False,False,818
time-calculator.html,시간 계산기 - 근무시간·시간 차이·시간 합계 계산,435,104,539,32,0,True,True,https://modoohub.com/time-calculator.html,4,False,False,1503
time-zone-meeting-planner.html,시간대 회의 플래너 - 글로벌 팀 최적 회의 시간 | 모두의 툴,185,770,955,32,0,True,True,https://modoohub.com/time-zone-meeting-planner.html,1,False,False,null
timestamp.html,Timestamp 변환기 - Unix Timestamp Converter,270,1089,1359,32,0,True,True,https://modoohub.com/timestamp.html,1,False,False,1325
timezone-converter.html,Time Zone Converter - Free Online World Clock Tool,227,3038,3265,52,0,True,True,https://modoohub.com/timezone-converter.html,1,False,False,3170
tip-calculator.html,Tip Calculator - Split Bill & Calculate Tip | Free Online,462,1130,1592,32,0,True,True,https://modoohub.com/tip-calculator.html,4,False,False,1512
token-estimator.html,AI 토큰 추정기 - Token Estimator | MODOO HUB,141,685,826,32,0,True,True,https://modoohub.com/token-estimator.html,1,False,False,788
transparent-background-maker.html,투명 배경 만들기 - Transparent Background Maker | MODOO HUB,174,899,1073,32,0,True,True,https://modoohub.com/transparent-background-maker.html,1,False,False,952
twitter-card-generator.html,트위터 카드 생성기 - Twitter Card 메타 태그 생성 & 미리보기 | MODOO HUB,414,1668,2082,32,0,True,True,https://modoohub.com/twitter-card-generator.html,1,False,False,1952
typing-speed-test.html,타이핑 속도 테스트 - WPM/CPM 측정 | MODOO HUB,163,579,742,32,0,True,True,https://modoohub.com/typing-speed-test.html,1,False,False,684
ulid-generator.html,ULID 생성기 - 정렬 가능한 고유 ID 생성 | MODOO HUB,183,925,1108,32,0,True,True,https://modoohub.com/ulid-generator.html,1,False,False,975
unemployment-benefit.html,실업급여 계산기 | 2026년 기준 | MODOO HUB,2632,0,2632,8,8,True,True,https://modoohub.com/unemployment.html,1,False,False,null
unemployment.html,실업급여 계산기 2026 - 수급 자격·지급일수·금액 자동 계산,2514,0,2514,0,8,True,True,https://modoohub.com/unemployment.html,4,False,False,2461
unicode-converter.html,유니코드 변환기 - U+코드·\u이스케이프·HTML엔티티·UTF-8 상호변환 | MODOO HUB,209,748,957,32,0,True,True,https://modoohub.com/unicode-converter.html,1,False,False,808
unicode-inspector.html,유니코드 인스펙터 - 문자별 코드포인트·UTF-8·HTML 엔티티 분석 | MODOO HUB,162,675,837,32,0,True,True,https://modoohub.com/unicode-inspector.html,1,False,False,731
unicode-to-text.html,유니코드 → 텍스트 변환 - \uXXXX·U+코드·HTML엔티티 디코딩 | MODOO HUB,145,709,854,32,0,True,True,https://modoohub.com/unicode-to-text.html,1,False,False,748
unit-converter.html,"Unit Converter - Length, Weight, Temperature, Area | Free Online Tool",367,0,367,48,0,True,True,https://modoohub.com/unit-converter.html,4,False,False,2450
uppercase-converter.html,대문자 변환기 - Uppercase Converter | MODOO HUB,172,626,798,32,0,True,True,https://modoohub.com/uppercase-converter.html,4,False,False,734
url-decoder.html,URL 디코더 - 퍼센트 인코딩 해제 도구,183,1670,1853,32,0,True,True,https://modoohub.com/url-decoder.html,1,False,False,1670
url-encoder.html,URL 인코더 - 퍼센트 인코딩 변환 도구,231,1857,2088,32,0,True,True,https://modoohub.com/url-encoder.html,1,False,False,1801
url-slug-generator.html,URL 슬러그 생성기 - 텍스트를 URL로 변환 | MODOO HUB,201,630,831,32,0,True,True,https://modoohub.com/slug-generator.html,1,False,False,770
user-agent-parser.html,User-Agent 파서 - 브라우저·OS·디바이스 분석 | MODOO HUB,206,1395,1601,32,0,True,True,https://modoohub.com/user-agent-parser.html,1,False,False,1491
utm-builder.html,UTM Builder - UTM 파라미터 빌더 & 캠페인 URL 생성기,294,1777,2071,32,0,True,True,https://modoohub.com/utm-builder.html,1,False,False,2009
uuid-bulk-generator.html,UUID 대량 생성기 - UUID Bulk Generator | MODOO HUB,180,692,872,32,0,True,True,https://modoohub.com/uuid-bulk-generator.html,1,False,False,804
uuid-converter.html,UUID 변환기 - UUID v1/v3/v4/v5 생성·분석·변환 | MODOO HUB,143,960,1103,32,0,True,True,https://modoohub.com/uuid-converter.html,1,False,False,983
uuid-extractor.html,UUID 추출기 - UUID Extractor | MODOO HUB,139,551,690,32,0,True,True,https://modoohub.com/uuid-extractor.html,1,False,False,630
uuid-generator.html,UUID Generator - Free Online UUID v4 Generator,346,883,1229,0,0,True,True,https://modoohub.com/uuid-generator.html,1,False,False,1037
uuid-validator.html,UUID Validator - UUID 검증기,162,1514,1676,32,0,True,True,https://modoohub.com/uuid-validator.html,1,False,False,1628
vat-calc.html,부가세 계산기 - VAT 계산기 (공급가액 ↔ 부가세 포함가),1281,0,1281,8,8,True,True,https://modoohub.com/vat-calc.html,1,False,False,1228
vat-calculator-global.html,"VAT Calculator - Add or Remove VAT for UK, EU, Australia | Free Online",1649,2737,4386,48,0,True,True,https://modoohub.com/vat-calculator-global.html,4,False,False,1575
vat-reverse-calculator.html,부가세 역산 계산기 - VAT Reverse Calculator | MODOO HUB,106,800,906,32,0,True,True,https://modoohub.com/vat-reverse-calculator.html,1,False,False,763
water-intake.html,Water Intake Calculator - Daily Water Needs | Free Online,309,1275,1584,32,0,True,True,https://modoohub.com/water-intake.html,1,False,False,1425
webhook-generator.html,Webhook 생성기 - Webhook 페이로드·서명 생성 | MODOO HUB,290,819,1109,32,0,True,True,https://modoohub.com/webhook-generator.html,1,False,False,997
webhook-tester.html,Webhook 테스터 - Webhook 요청 수신·검사 | MODOO HUB,219,810,1029,32,0,True,True,https://modoohub.com/webhook-tester.html,1,False,False,921
webp-to-jpg.html,WebP to JPG 변환기 - 온라인 무료 | MODOO HUB,182,575,757,32,0,True,True,https://modoohub.com/webp-to-jpg.html,1,False,False,699
webp-to-png.html,WebP to PNG Converter - Free Online WebP → PNG Tool,304,1482,1786,32,0,True,True,https://modoohub.com/webp-to-png.html,1,False,False,1671
website-speed-estimator.html,Website Speed Estimator - 웹사이트 속도 추정기 | MODOO HUB,207,1426,1633,32,0,True,True,https://modoohub.com/website-speed-estimator.html,1,False,False,1372
weekly-holiday.html,주휴수당 계산기 2026 - 알바·파트타임 주휴수당 즉시 계산,1645,0,1645,0,8,True,True,https://modoohub.com/weekly-holiday.html,1,False,False,1592
whois-lookup.html,WHOIS 조회 — 모두의 툴,144,1490,1634,32,0,True,True,https://modoohub.com/whois-lookup.html,1,False,False,null
word-counter.html,"Word Counter - Count Words, Characters, Sentences & Reading Time",619,2275,2894,48,0,True,True,https://modoohub.com/word-counter.html,4,False,False,2743
word-frequency-counter.html,단어 빈도 분석기 - Word Frequency Counter | MODOO HUB,166,632,798,32,0,True,True,https://modoohub.com/word-frequency-counter.html,1,False,False,729
word-to-minute-converter.html,단어 수 → 분 변환기 - 읽기/말하기 시간 계산 | MODOO HUB,182,527,709,32,0,True,True,https://modoohub.com/word-to-minute-converter.html,1,False,False,649
working-days-calc.html,영업일 계산기 2026 - 공휴일 제외 근무일수 자동 계산,2003,0,2003,10,10,True,True,https://modoohub.com/working-days-calc.html,4,False,False,1952
wpm-calculator.html,WPM 계산기 - 분당 단어 수 계산 | MODOO HUB,270,527,797,32,0,True,True,https://modoohub.com/wpm-calculator.html,1,False,False,742
xml-beautifier.html,XML 예쁘게 정렬 - XML Beautifier | MODOO HUB,180,637,817,32,0,True,True,https://modoohub.com/xml-formatter.html,1,False,False,789
xml-formatter.html,XML Formatter - Free Online XML Beautifier & Validator,250,1123,1373,32,0,True,True,https://modoohub.com/xml-formatter.html,1,False,False,1352
xml-to-json.html,XML to JSON 변환기 - 온라인 XML → JSON 변환 | MODOO HUB,119,739,858,32,0,True,True,https://modoohub.com/xml-to-json.html,1,False,False,855
xml-validator.html,XML Validator - XML 문법 검사기 | MODOO HUB,222,1724,1946,32,0,True,True,https://modoohub.com/xml-validator.html,1,False,False,1971
yaml-diff-checker.html,YAML Diff 비교기 - YAML Diff Checker | MODOO HUB,172,704,876,32,0,True,True,https://modoohub.com/yaml-diff-checker.html,1,False,False,765
yaml-formatter.html,YAML Formatter - Free Online YAML Validator & Beautifier,249,1192,1441,32,0,True,True,https://modoohub.com/yaml-formatter.html,1,False,False,1363
yaml-to-json.html,YAML to JSON 변환기 - 온라인 YAML → JSON 변환 | MODOO HUB,148,811,959,32,0,True,True,https://modoohub.com/yaml-to-json.html,1,False,False,837
yaml-validator.html,YAML 유효성 검사기 - YAML Validator | MODOO HUB,131,536,667,32,0,True,True,https://modoohub.com/yaml-validator.html,1,False,False,603
youtube-script-generator.html,유튜브 스크립트 생성기 - YouTube Script Generator | MODOO HUB,267,943,1210,32,0,True,True,https://modoohub.com/youtube-script-generator.html,1,False,False,809
category/ai-tools.html,AI Tools – Token Counter & Prompt Formatter | MODOO HUB,4360,0,4360,0,4,False,True,https://modoohub.com/category/ai-tools.html,27,True,False,3390
category/data-tools.html,"Data Formatter Tools – JSON, XML, YAML, SQL, CSV | MODOO HUB",3211,0,3211,0,4,False,True,https://modoohub.com/category/data-tools.html,24,True,False,3066
category/date-time-tools.html,"Date & Time Tools – Age, Countdown, Business Days | MODOO HUB",3226,0,3226,0,4,False,True,https://modoohub.com/category/date-time-tools.html,21,True,False,3031
category/developer-tools.html,"Developer Tools – Cron Generator, Regex Tester, Markdown | MODOO HUB",8674,0,8674,0,4,False,True,https://modoohub.com/category/developer-tools.html,80,True,False,7462
category/finance-calculators.html,Finance Calculators – Free Online Tools | MODOO HUB,4777,0,4777,0,4,False,True,https://modoohub.com/category/finance-calculators.html,40,True,False,4293
category/generator-tools.html,"Generator Tools – UUID, QR Code, Password, Barcode | MODOO HUB",5565,0,5565,0,4,False,True,https://modoohub.com/category/generator-tools.html,46,True,False,5059
category/health-calculators.html,"Health & Fitness Calculators – BMI, Calories & More | MODOO HUB",2955,0,2955,0,4,False,True,https://modoohub.com/category/health-calculators.html,16,True,False,2778
category/image-tools.html,"Image Tools – Compress, Resize, Convert to WebP | MODOO HUB",5842,0,5842,0,4,False,True,https://modoohub.com/category/image-tools.html,51,True,False,4775
category/pdf-tools.html,"PDF Tools – Merge, Split, Convert PDF Online | MODOO HUB",3891,0,3891,0,4,False,True,https://modoohub.com/category/pdf-tools.html,29,True,False,3410
category/security-tools.html,"Security & Encoding Tools – Hash, JWT, Base64, Password | MODOO HUB",4855,0,4855,0,4,False,True,https://modoohub.com/category/security-tools.html,39,True,False,4248
category/text-tools.html,"Text Tools – Word Counter, Case Converter & More | MODOO HUB",6752,0,6752,0,4,False,True,https://modoohub.com/category/text-tools.html,60,True,False,5720
